{"mean":{"confidence_interval":{"confidence_level":0.95,"lower_bound":-0.7936725759659026,"upper_bound":-0.7817484530600968},"point_estimate":-0.7879304684460989,"standard_error":0.0030296577704435907},"median":{"confidence_interval":{"confidence_level":0.95,"lower_bound":-0.7899304882792924,"upper_bound":-0.7772117845308767},"point_estimate":-0.7851095388368369,"standard_error":0.002843276616325671}}