{"mean":{"confidence_interval":{"confidence_level":0.95,"lower_bound":-0.8096245683392301,"upper_bound":-0.7551207685134503},"point_estimate":-0.7833883500840815,"standard_error":0.013994471300997654},"median":{"confidence_interval":{"confidence_level":0.95,"lower_bound":-0.8067363639963069,"upper_bound":-0.744242810473039},"point_estimate":-0.7785008748014749,"standard_error":0.017168231196907427}}