{"mean":{"confidence_interval":{"confidence_level":0.95,"lower_bound":5161251.140277779,"upper_bound":5254032.297805556},"point_estimate":5207307.201111111,"standard_error":23675.593167223135},"median":{"confidence_interval":{"confidence_level":0.95,"lower_bound":5116891.611111111,"upper_bound":5252987.666666667},"point_estimate":5153617.055555556,"standard_error":38880.126678724686},"median_abs_dev":{"confidence_interval":{"confidence_level":0.95,"lower_bound":210700.35419265367,"upper_bound":364232.8065335755},"point_estimate":292113.21341395355,"standard_error":42258.39847576525},"slope":null,"std_dev":{"confidence_interval":{"confidence_level":0.95,"lower_bound":214174.5783425968,"upper_bound":257397.50306567212},"point_estimate":237815.47751851258,"standard_error":11017.524584160905}}