{"mean":{"confidence_interval":{"confidence_level":0.95,"lower_bound":-0.6736110125898844,"upper_bound":-0.28609385131468323},"point_estimate":-0.5464027062848424,"standard_error":0.09780688079337058},"median":{"confidence_interval":{"confidence_level":0.95,"lower_bound":-0.7189046138878997,"upper_bound":-0.005321673448069442},"point_estimate":-0.2881975517233101,"standard_error":0.2456531054620683}}