{"mean":{"confidence_interval":{"confidence_level":0.95,"lower_bound":69194979.17325,"upper_bound":71378451.62875},"point_estimate":70230063.6,"standard_error":557092.2580948125},"median":{"confidence_interval":{"confidence_level":0.95,"lower_bound":67761107.0,"upper_bound":68464509.0},"point_estimate":68155366.5,"standard_error":181909.26673771394},"median_abs_dev":{"confidence_interval":{"confidence_level":0.95,"lower_bound":810854.6820044518,"upper_bound":1475205.951089857},"point_estimate":1163629.708841443,"standard_error":165258.7315109494},"slope":null,"std_dev":{"confidence_interval":{"confidence_level":0.95,"lower_bound":4201993.729366099,"upper_bound":6673591.989584495},"point_estimate":5605619.515090224,"standard_error":632536.3371673141}}