{"mean":{"confidence_interval":{"confidence_level":0.95,"lower_bound":1367408550.6417499,"upper_bound":1394920544.127},"point_estimate":1380654586.41,"standard_error":7022315.700989627},"median":{"confidence_interval":{"confidence_level":0.95,"lower_bound":1342712641.0,"upper_bound":1351603730.5},"point_estimate":1345879285.5,"standard_error":2264450.9911274156},"median_abs_dev":{"confidence_interval":{"confidence_level":0.95,"lower_bound":12170116.882902235,"upper_bound":30173688.894529857},"point_estimate":17868695.184767246,"standard_error":4403550.992107771},"slope":null,"std_dev":{"confidence_interval":{"confidence_level":0.95,"lower_bound":56868316.53942838,"upper_bound":81560529.19396487},"point_estimate":70519086.67557882,"standard_error":6318980.563970187}}