{"mean":{"confidence_interval":{"confidence_level":0.95,"lower_bound":2917651.8576842113,"upper_bound":2994047.2076973687},"point_estimate":2955868.3584210537,"standard_error":19569.767249261906},"median":{"confidence_interval":{"confidence_level":0.95,"lower_bound":2788755.5263157897,"upper_bound":3087497.2105263155},"point_estimate":3064421.5,"standard_error":112666.50588655478},"median_abs_dev":{"confidence_interval":{"confidence_level":0.95,"lower_bound":111131.2072112376,"upper_bound":301162.24934803817},"point_estimate":224681.08120058716,"standard_error":51134.17461156771},"slope":null,"std_dev":{"confidence_interval":{"confidence_level":0.95,"lower_bound":186025.245137079,"upper_bound":204980.64046688646},"point_estimate":196669.0775335601,"standard_error":4815.345684638562}}