{"mean":{"confidence_interval":{"confidence_level":0.95,"lower_bound":1282841.9523998513,"upper_bound":1332090.0854918507},"point_estimate":1307011.0465566476,"standard_error":12620.865525078978},"median":{"confidence_interval":{"confidence_level":0.95,"lower_bound":1221905.878787879,"upper_bound":1247447.2717391304},"point_estimate":1232894.6752690803,"standard_error":7278.641950651643},"median_abs_dev":{"confidence_interval":{"confidence_level":0.95,"lower_bound":26353.90522287348,"upper_bound":64646.32952464498},"point_estimate":41839.59681913704,"standard_error":10769.820156371414},"slope":{"confidence_interval":{"confidence_level":0.95,"lower_bound":1344215.765540575,"upper_bound":1410093.9548758238},"point_estimate":1378552.986419388,"standard_error":16818.397380894807},"std_dev":{"confidence_interval":{"confidence_level":0.95,"lower_bound":111762.86571237342,"upper_bound":138771.74605993755},"point_estimate":126991.43005940724,"standard_error":6886.504249997839}}