{"mean":{"confidence_interval":{"confidence_level":0.95,"lower_bound":19897948.699833333,"upper_bound":20062290.190416668},"point_estimate":19970605.203333333,"standard_error":42232.62977842009},"median":{"confidence_interval":{"confidence_level":0.95,"lower_bound":19827655.333333332,"upper_bound":19881284.333333336},"point_estimate":19849700.5,"standard_error":12293.888652311085},"median_abs_dev":{"confidence_interval":{"confidence_level":0.95,"lower_bound":52970.08475959669,"upper_bound":119163.23158442974},"point_estimate":73269.34939920902,"standard_error":16698.450391821767},"slope":null,"std_dev":{"confidence_interval":{"confidence_level":0.95,"lower_bound":161452.072682338,"upper_bound":621907.1140454632},"point_estimate":426578.2076505192,"standard_error":114480.59640492483}}