{"mean":{"confidence_interval":{"confidence_level":0.95,"lower_bound":5562178.788777783,"upper_bound":5628362.483583333},"point_estimate":5591918.066666668,"standard_error":16986.421582016574},"median":{"confidence_interval":{"confidence_level":0.95,"lower_bound":5531621.944444444,"upper_bound":5583157.722222222},"point_estimate":5553020.222222222,"standard_error":13452.999652663457},"median_abs_dev":{"confidence_interval":{"confidence_level":0.95,"lower_bound":66875.3075460596,"upper_bound":106244.34961378736},"point_estimate":85331.45331839682,"standard_error":9894.002065652101},"slope":null,"std_dev":{"confidence_interval":{"confidence_level":0.95,"lower_bound":79245.82096373013,"upper_bound":241577.5091448552},"point_estimate":170376.86704431556,"standard_error":41041.20831864289}}