{"mean":{"confidence_interval":{"confidence_level":0.95,"lower_bound":-0.8064277864761306,"upper_bound":-0.7928038986780961},"point_estimate":-0.8002284109326407,"standard_error":0.00348333887306237},"median":{"confidence_interval":{"confidence_level":0.95,"lower_bound":-0.8093132857755061,"upper_bound":-0.7963215824125779},"point_estimate":-0.8045938794278684,"standard_error":0.003244201138728011}}