{"mean":{"confidence_interval":{"confidence_level":0.95,"lower_bound":4975900.169650003,"upper_bound":5011696.604549998},"point_estimate":4993173.080000003,"standard_error":9138.037266235558},"median":{"confidence_interval":{"confidence_level":0.95,"lower_bound":4938822.4,"upper_bound":4987090.2},"point_estimate":4954784.5,"standard_error":12856.501121935351},"median_abs_dev":{"confidence_interval":{"confidence_level":0.95,"lower_bound":34943.62116962588,"upper_bound":89077.8681385513},"point_estimate":55363.69299709769,"standard_error":13200.960529037024},"slope":null,"std_dev":{"confidence_interval":{"confidence_level":0.95,"lower_bound":73382.70139497114,"upper_bound":109527.88938725596},"point_estimate":92189.65353156335,"standard_error":9236.211148156448}}