{"mean":{"confidence_interval":{"confidence_level":0.95,"lower_bound":-0.7863901340545351,"upper_bound":-0.7534763405820935},"point_estimate":-0.7714467253318665,"standard_error":0.008263828543422865},"median":{"confidence_interval":{"confidence_level":0.95,"lower_bound":-0.7920058633615328,"upper_bound":-0.765533564395636},"point_estimate":-0.7752957023746894,"standard_error":0.008215832731571986}}