{"mean":{"confidence_interval":{"confidence_level":0.95,"lower_bound":-0.33669633420773665,"upper_bound":-0.19592758285325418},"point_estimate":-0.27354825180120823,"standard_error":0.03607713628203852},"median":{"confidence_interval":{"confidence_level":0.95,"lower_bound":-0.34561824455003937,"upper_bound":-0.19484013269275702},"point_estimate":-0.29620846142162005,"standard_error":0.03517233417077061}}