{"mean":{"confidence_interval":{"confidence_level":0.95,"lower_bound":310070877.3325,"upper_bound":353687575.3425},"point_estimate":330515320.5,"standard_error":11168309.427306931},"median":{"confidence_interval":{"confidence_level":0.95,"lower_bound":300907631.5,"upper_bound":330719800.5},"point_estimate":315526545.5,"standard_error":9571338.87826898},"median_abs_dev":{"confidence_interval":{"confidence_level":0.95,"lower_bound":13664696.227303147,"upper_bound":70002325.45571029},"point_estimate":27809971.305674314,"standard_error":14984359.511991976},"slope":null,"std_dev":{"confidence_interval":{"confidence_level":0.95,"lower_bound":29262926.727374356,"upper_bound":65532251.460102715},"point_estimate":51148865.21777092,"standard_error":9337540.590910207}}