{"mean":{"confidence_interval":{"confidence_level":0.95,"lower_bound":-0.7149974712193956,"upper_bound":-0.5313240440905393},"point_estimate":-0.6395129091184162,"standard_error":0.04758611487287023},"median":{"confidence_interval":{"confidence_level":0.95,"lower_bound":-0.7665540997757063,"upper_bound":-0.4771725539273187},"point_estimate":-0.5012480653263492,"standard_error":0.08054073518377498}}