{"mean":{"confidence_interval":{"confidence_level":0.95,"lower_bound":-0.10064948950413319,"upper_bound":-0.060557072538069676},"point_estimate":-0.08096321817614527,"standard_error":0.010274932475705493},"median":{"confidence_interval":{"confidence_level":0.95,"lower_bound":-0.11425596123552906,"upper_bound":-0.057184465609320334},"point_estimate":-0.0997491044679123,"standard_error":0.01517941404897945}}