{"mean":{"confidence_interval":{"confidence_level":0.95,"lower_bound":20109532.47058333,"upper_bound":20367089.32908334},"point_estimate":20233664.923333332,"standard_error":65788.13666694459},"median":{"confidence_interval":{"confidence_level":0.95,"lower_bound":19951275.333333332,"upper_bound":20144922.0},"point_estimate":20032743.5,"standard_error":48036.59564694034},"median_abs_dev":{"confidence_interval":{"confidence_level":0.95,"lower_bound":292588.88090551173,"upper_bound":493974.09858770476},"point_estimate":409550.20442902856,"standard_error":52304.89067967538},"slope":null,"std_dev":{"confidence_interval":{"confidence_level":0.95,"lower_bound":529632.1339158461,"upper_bound":763032.8861022001},"point_estimate":660068.935905003,"standard_error":59760.77708622136}}