{"mean":{"confidence_interval":{"confidence_level":0.95,"lower_bound":17407096.720500004,"upper_bound":17613714.75458334},"point_estimate":17505504.26666667,"standard_error":52848.99220598157},"median":{"confidence_interval":{"confidence_level":0.95,"lower_bound":17268320.333333332,"upper_bound":17400742.333333332},"point_estimate":17319347.5,"standard_error":34660.58167309453},"median_abs_dev":{"confidence_interval":{"confidence_level":0.95,"lower_bound":201117.89872944538,"upper_bound":378056.5686881561},"point_estimate":286937.7040058356,"standard_error":45700.487133156545},"slope":null,"std_dev":{"confidence_interval":{"confidence_level":0.95,"lower_bound":391068.0334395684,"upper_bound":673622.4686631542},"point_estimate":532520.4491703302,"standard_error":73447.44067410988}}