{"mean":{"confidence_interval":{"confidence_level":0.95,"lower_bound":-0.9634865607340721,"upper_bound":-0.9619003233538759},"point_estimate":-0.9627258209691788,"standard_error":0.00040586022369046884},"median":{"confidence_interval":{"confidence_level":0.95,"lower_bound":-0.9636072533164096,"upper_bound":-0.9619721052779613},"point_estimate":-0.9627171624943907,"standard_error":0.00040766163448791395}}