{"mean":{"confidence_interval":{"confidence_level":0.95,"lower_bound":4202642.050022728,"upper_bound":4222045.230909093},"point_estimate":4212233.739999999,"standard_error":4944.037598799178},"median":{"confidence_interval":{"confidence_level":0.95,"lower_bound":4192655.3636363633,"upper_bound":4219533.545454546},"point_estimate":4205547.590909091,"standard_error":6880.016719358716},"median_abs_dev":{"confidence_interval":{"confidence_level":0.95,"lower_bound":37601.565750620706,"upper_bound":65958.37936536869},"point_estimate":52876.8606703387,"standard_error":7069.376809024211},"slope":null,"std_dev":{"confidence_interval":{"confidence_level":0.95,"lower_bound":43724.49286678617,"upper_bound":55060.94900032653},"point_estimate":49768.06900243607,"standard_error":2888.5781815558576}}