{"mean":{"confidence_interval":{"confidence_level":0.95,"lower_bound":-0.8173431799515919,"upper_bound":-0.7977364291005739},"point_estimate":-0.8080670955012315,"standard_error":0.004947160740709851},"median":{"confidence_interval":{"confidence_level":0.95,"lower_bound":-0.8221540330953985,"upper_bound":-0.8073617149703877},"point_estimate":-0.817055969274164,"standard_error":0.0035768678201486214}}