{"mean":{"confidence_interval":{"confidence_level":0.95,"lower_bound":-0.9556903723623618,"upper_bound":-0.9507648433675645},"point_estimate":-0.9534055081724361,"standard_error":0.0012711628337556233},"median":{"confidence_interval":{"confidence_level":0.95,"lower_bound":-0.9563406098217025,"upper_bound":-0.9501532402575109},"point_estimate":-0.9541650075859479,"standard_error":0.0013777598509329405}}