{"mean":{"confidence_interval":{"confidence_level":0.95,"lower_bound":24475946.973833334,"upper_bound":25297317.339916665},"point_estimate":24886427.233333338,"standard_error":209576.42987095},"median":{"confidence_interval":{"confidence_level":0.95,"lower_bound":25475410.5,"upper_bound":25956739.333333332},"point_estimate":25661298.333333336,"standard_error":284524.111550285},"median_abs_dev":{"confidence_interval":{"confidence_level":0.95,"lower_bound":968458.76570642,"upper_bound":3820295.4125761986},"point_estimate":2296759.3710243674,"standard_error":708678.8060622512},"slope":null,"std_dev":{"confidence_interval":{"confidence_level":0.95,"lower_bound":1897210.9703157428,"upper_bound":2284452.556744042},"point_estimate":2098267.093297561,"standard_error":98815.9608887088}}